x1,y1,z1,x2,y2,z2,x3,y3,z3,x4,y4,z4,x5,y5,z5,type
108,-80,-102,116,-108,-110,145,-114,-105,109,-119,-115,88,-116,-92,walking
190,-66,-116,78,-57,-124,63,-74,-115,60,-76,-108,104,-111,-125,walking
152,-77,-103,105,-31,-126,96,-42,-127,152,-32,-130,165,-102,-115,walking
102,-120,-101,116,-61,-120,83,-50,-126,71,-74,-111,65,-75,-103,walking
182,-95,-113,197,-68,-143,109,-32,-130,98,-49,-127,136,-32,-128,walking
61,-66,-107,154,-81,-118,103,-79,-105,81,-56,-116,64,-71,-117,walking
129,-43,-131,140,-113,-109,175,-57,-127,107,-36,-126,97,-55,-120,walking
73,-72,-137,144,-76,-130,146,-75,-122,96,-93,-127,75,-79,-130,walking
94,-50,-117,69,-76,-118,110,-113,-106,165,-99,-64,128,-54,-138,walking
116,-69,-143,104,-62,-107,129,-61,-118,165,-49,-153,133,-103,-146,walking
136,-45,-131,101,-54,-138,54,-56,-112,80,-73,-126,177,-85,-126,walking
122,-57,-117,80,-45,-104,112,-53,-107,138,-45,-120,194,-83,-136,walking
101,-119,-126,107,-68,-107,97,-73,-115,84,-57,-119,69,-71,-123,walking
167,-55,-140,173,-74,-111,119,-32,-137,76,-56,-109,131,-52,-120,walking
64,-78,-108,150,-83,-105,105,-85,-105,86,-65,-122,84,-64,-127,walking
124,-58,-120,127,-101,-116,160,-67,-92,119,-48,-127,94,-45,-109,walking
79,-66,-121,134,-68,-116,156,-64,-119,117,-80,-101,94,-62,-123,walking
111,-50,-121,81,-77,-136,99,-129,-106,144,-80,-96,115,-42,-130,walking
91,-62,-117,150,-40,-132,169,-101,-122,162,-54,-112,91,-91,-110,walking
105,-37,-127,78,-68,-116,62,-79,-110,94,-115,-98,173,-70,-134,walking
112,-82,-103,99,-44,-130,149,-49,-115,182,-109,-124,139,-63,-97,walking
175,-62,-117,82,-60,-115,68,-67,-118,74,-72,-117,112,-103,-110,walking
125,-72,-110,96,-35,-123,120,-35,-128,124,-42,-126,184,-97,-122,walking
120,-81,-118,103,-57,-123,91,-46,-123,78,-57,-115,91,-77,-108,walking
172,-94,-117,146,-57,-114,97,-29,-125,114,-58,-114,156,-33,-131,walking
105,-96,-91,114,-65,-105,92,-80,-106,83,-39,-128,77,-77,-118,walking
119,-73,-113,139,-68,-113,121,-49,-126,112,-47,-116,123,-52,-123,walking
67,-70,-111,178,-88,-103,103,-79,-112,85,-61,-115,96,-55,-125,walking
111,-56,-117,98,-94,-114,136,-80,-82,139,-52,-135,94,-40,-117,walking
76,-65,-121,144,-53,-118,194,-75,-108,116,-84,-114,110,-73,-120,walking
95,-39,-118,51,-53,-124,85,-78,-112,136,-100,-80,154,-57,-136,walking
117,-77,-110,129,-56,-119,148,-43,-119,177,-103,-101,140,-79,-102,walking
210,-54,-98,87,-60,-114,49,-44,-117,56,-55,-123,117,-142,-114,walking
180,-61,-91,103,-58,-141,130,-56,-118,139,-31,-115,101,-71,-102,walking
91,-89,-112,102,-99,-69,109,-76,-82,101,-85,-85,99,-72,-101,walking
97,-64,-108,78,-57,-96,103,-84,-120,149,-73,-115,144,-51,-137,walking
67,-56,-120,128,-71,-113,154,-87,-92,94,-78,-115,89,-62,-113,walking
95,-46,-112,89,-62,-129,131,-91,-115,142,-72,-83,123,-44,-131,walking
80,-73,-110,132,-44,-130,114,-60,-97,193,-103,-118,136,-67,-101,walking
179,-34,-128,71,-58,-126,57,-49,-122,94,-82,-129,154,-147,-96,walking
152,-55,-118,92,-43,-112,119,-52,-110,144,-40,-135,156,-99,-124,walking
125,-117,-111,79,-80,-100,82,-64,-130,74,-56,-117,88,-78,-115,walking
144,-100,-116,155,-49,-103,107,-40,-131,99,-52,-110,133,-42,-129,walking
82,-71,-116,157,-55,-112,90,-76,-107,97,-58,-124,80,-57,-113,walking
145,-42,-128,119,-119,-117,166,-54,-123,96,-49,-126,89,-53,-118,walking
84,-63,-117,148,-77,-118,175,-50,-112,97,-78,-106,99,-64,-123,walking
104,-42,-123,71,-71,-111,111,-107,-123,141,-72,-90,120,-47,-135,walking
91,-70,-115,148,-38,-126,150,-81,-110,174,-53,-117,101,-82,-104,walking
110,-54,-108,75,-53,-118,68,-66,-122,119,-122,-122,159,-72,-99,walking
113,-64,-119,111,-45,-120,155,-30,-126,159,-79,-119,136,-90,-103,walking
146,-69,-125,103,-62,-117,72,-59,-119,68,-74,-113,104,-103,-121,walking
128,-73,-110,110,-30,-118,114,-60,-109,146,-30,-122,177,-110,-118,walking
110,-85,-96,92,-65,-118,83,-59,-123,77,-59,-114,93,-69,-116,walking
177,-96,-117,135,-56,-122,103,-39,-121,118,-55,-125,127,-50,-121,walking
90,-76,-111,119,-62,-114,105,-62,-125,91,-55,-120,73,-50,-124,walking
133,-44,-125,115,-84,-100,118,-65,-124,104,-40,-111,139,-51,-113,walking
66,-62,-123,155,-102,-129,129,-64,-119,106,-76,-131,90,-61,-131,walking
113,-64,-114,87,-76,-109,126,-104,-133,141,-79,-113,120,-30,-136,walking
90,-59,-140,127,-54,-119,148,-86,-136,141,-38,-127,133,-74,-142,walking
117,-73,-106,72,-61,-111,87,-57,-127,129,-90,-128,148,-51,-84,walking
124,-74,-119,103,-47,-103,131,-52,-120,157,-50,-118,155,-40,-145,walking
129,-62,-81,103,-77,-126,82,-47,-125,75,-57,-126,108,-84,-123,walking
179,-89,-127,117,-47,-151,91,-59,-94,133,-45,-123,135,-62,-114,walking
104,-80,-111,108,-75,-101,98,-62,-121,91,-54,-119,71,-58,-117,walking
144,-43,-120,100,-105,-122,138,-73,-84,132,-61,-125,108,-47,-116,walking
87,-63,-118,162,-87,-105,165,-59,-97,93,-81,-101,95,-78,-120,walking
105,-67,-103,72,-78,-116,91,-134,-116,148,-59,-113,117,-48,-120,walking
82,-92,-118,146,-36,-128,168,-94,-121,163,-65,-111,72,-95,-99,walking
101,-89,-131,70,-80,-117,59,-83,-111,78,-149,-135,112,-81,-79,walking
92,-108,-111,111,-84,-103,158,-44,-125,140,-81,-127,153,-79,-107,walking
128,-68,-104,96,-94,-125,85,-83,-120,65,-87,-134,64,-133,-137,walking
153,-83,-112,114,-78,-127,103,-82,-108,152,-50,-127,147,-102,-123,walking
84,-145,-142,68,-95,-113,96,-89,-126,80,-82,-108,56,-84,-121,walking
145,-102,-127,144,-89,-103,99,-77,-120,97,-66,-120,126,-78,-123,walking
60,-78,-128,176,-96,-138,74,-110,-104,68,-96,-123,73,-69,-120,walking
150,-55,-124,76,-128,-131,145,-93,-101,118,-65,-111,96,-64,-118,walking
78,-76,-118,134,-92,-128,155,-85,-112,82,-105,-114,82,-86,-120,walking
101,-76,-115,65,-85,-118,85,-131,-122,137,-61,-102,110,-74,-125,walking
109,-95,-141,132,-55,-132,117,-87,-125,163,-99,-116,78,-90,-111,walking
149,-73,-123,81,-78,-124,59,-57,-129,66,-82,-128,87,-149,-114,walking
118,-95,-126,120,-86,-100,108,-66,-128,101,-74,-119,114,-77,-133,walking
82,-86,-113,110,-121,-142,111,-81,-148,74,-70,-137,61,-82,-121,walking
117,-93,-123,129,-112,-125,122,-85,-108,107,-67,-120,96,-68,-121,walking
74,-74,-122,140,-89,-108,138,-53,-118,109,-80,-122,83,-84,-118,walking
101,-70,-119,80,-87,-129,104,-122,-134,116,-51,-111,80,-83,-120,walking
94,-78,-131,124,-61,-126,126,-81,-117,158,-99,-112,84,-85,-113,walking
106,-74,-158,84,-70,-117,96,-61,-124,98,-88,-127,110,-75,-82,walking
99,-90,-89,87,-75,-119,107,-62,-140,115,-75,-118,199,-101,-121,walking
84,-131,-90,131,-67,-133,78,-63,-118,41,-58,-121,64,-81,-124,walking
191,-150,-107,153,-86,-151,88,-85,-116,105,-73,-129,107,-81,-112,walking
63,-103,-128,97,-85,-109,73,-81,-122,83,-92,-118,80,-76,-124,walking
107,-72,-122,67,-126,-91,100,-74,-166,96,-85,-109,127,-76,-133,walking
66,-82,-118,179,-132,-124,100,-89,-106,86,-87,-127,95,-84,-118,walking
133,-66,-126,70,-90,-116,71,-123,-102,106,-82,-137,105,-68,-126,walking
88,-85,-120,114,-62,-127,159,-123,-128,108,-77,-113,99,-86,-122,walking
113,-65,-121,74,-71,-126,70,-94,-122,87,-131,-126,113,-76,-120,walking
92,-86,-116,137,-64,-115,126,-49,-121,146,-117,-121,133,-78,-109,walking
124,-74,-111,86,-84,-123,73,-69,-121,68,-92,-120,86,-127,-124,walking
141,-74,-111,106,-67,-120,114,-64,-121,130,-57,-123,143,-124,-120,walking
92,-141,-121,85,-88,-111,84,-82,-123,68,-67,-119,71,-87,-121,walking
147,-115,-127,143,-66,-123,103,-63,-123,105,-70,-123,126,-61,-130,walking
73,-88,-119,131,-69,-109,95,-77,-113,87,-79,-128,76,-71,-120,walking
119,-50,-129,83,-141,-120,130,-61,-123,102,-71,-118,121,-69,-129,walking
67,-64,-124,143,-107,-137,136,-92,-104,87,-82,-110,91,-73,-131,walking
116,-77,-129,62,-82,-118,99,-149,-112,148,-54,-112,89,-86,-119,walking
96,-97,-141,103,-72,-126,106,-90,-124,135,-85,-136,104,-122,-133,walking
110,-102,-145,62,-85,-139,51,-82,-131,88,-98,-133,117,-84,-86,walking
114,-56,-138,119,-69,-109,94,-70,-117,101,-73,-116,140,-97,-150,walking
97,-110,-125,125,-90,-154,106,-87,-130,69,-57,-123,62,-64,-131,walking
108,-85,-124,126,-103,-83,111,-66,-148,85,-74,-108,126,-70,-123,walking
69,-62,-128,154,-142,-139,101,-63,-112,80,-102,-126,77,-74,-114,walking
109,-64,-121,85,-101,-125,98,-127,-114,121,-72,-140,92,-70,-109,walking
84,-75,-127,121,-63,-133,134,-132,-124,127,-73,-113,84,-85,-112,walking
90,-69,-129,59,-62,-109,95,-92,-131,96,-150,-121,130,-59,-127,walking
98,-102,-116,100,-71,-123,133,-61,-120,137,-91,-124,152,-73,-117,walking
148,-82,-127,93,-86,-134,72,-78,-124,50,-84,-127,68,-155,-118,walking
138,-74,-123,130,-61,-133,88,-70,-112,145,-55,-132,151,-115,-120,walking
76,-122,-135,92,-85,-123,101,-90,-125,76,-70,-126,57,-87,-128,walking
137,-98,-125,120,-86,-114,152,-56,-131,110,-73,-113,127,-59,-130,walking
